tokenId,owner
280000000,0xe8E01E71D18f838B13e8f6FA250ee0E4BeD6b877
280000001,0x966De2e7cAE6544f8e28f3Ed2368699f8Af4261f
280000002,0x19CaBaB0e12D65a7703F97b207e7a10A9f30810E
280000003,0xe8E01E71D18f838B13e8f6FA250ee0E4BeD6b877
280000004,0xe8E01E71D18f838B13e8f6FA250ee0E4BeD6b877
280000005,0x46dC0A5398CF6AAe44432978e6C92Ead79cE079D
280000006,0xF5ecB4bEFEeEDA2203f0c3A84A37255b7f1F50a1
280000007,0xC480C3FD10d8965EB74B9B53ee65Bea24B2a6A73
280000008,0x6f7f5Ab87EE7fC1f241e0Ce785688c53803dE44E
280000009,0x48cdEFE7543EDA2F3882a63A9D1D6dF4752553b2
280000010,0xCc9B2b1f639F477371A5d784a389965041d7a33e
280000011,0x625D6405DCac9C82F4b681A131d9182115448F75
280000012,0x9885a84930E3C8c865A1D3dEBDC204F990BaB7C3
280000013,0x6232d7a6085D0Ab8F885292078eEb723064a376B
280000014,0x47e255Bf1Ae9040151774D307c9E01D12Da71D57
280000015,0x6853a596D6d7264D3622546dA3B891B6fe17eb82
280000016,0x5151f4b48CeE4f7dcB7714E7b4b836aa847Bf4e8
280000017,0x36d960741d2Ea0bfCCFa23838828Af528e38cD9a
280000018,0x1d4B9b250B1Bd41DAA35d94BF9204Ec1b0494eE3
280000019,0x10752aE123f8F65ee7609B336C77bb941C584bBA
280000020,0x812Ac3E6b1b78E03f7A8c7fb795FeA2919e32B61
280000021,0xAdc1d4b58f8c867bE281fd5fb164bf4f6DB66C2C
280000022,0x73406d38bAB4381d8e3755B5e5a18967506cFb77
280000023,0xe31069e61802d37795e7Dd4A816E827E00704Cc4
280000024,0x12bd6121197848F93F40bd82D4c80Db4E3198990
280000025,0xA3E49fEA82D17326636CeCE9C8C090edF013dccb
280000026,0xA3E49fEA82D17326636CeCE9C8C090edF013dccb
280000027,0xe8E01E71D18f838B13e8f6FA250ee0E4BeD6b877
280000028,0x6f7f5Ab87EE7fC1f241e0Ce785688c53803dE44E
280000029,0x05897E0D012D3d4335B9a6Bd2981927Ef70C27a5
280000030,0x5Ed592557b6A29908B7d50305cA01904a4529cF4
280000031,0x45c3faFf25afc69673034D20074Bf9830206F252
280000032,0x3dc118A44E4Bde24d2D62D8EaD994C0aCc97093F
280000033,0x35d1a3dd6c50DEaEBb7EACC6077a586B5dDE09D5
280000034,0x3F93dFd9a05027b26997ebCED1762FeE0E1058C0
280000035,0xDF28cA0b2b4a48608c4f398D733fd595438C523c
280000036,0x97bB1eFC534fF3dC0DDF5fb83743605d5FAEcB27
280000037,0x916986dEEA4A3f031f82b0412F17dBCFF9Fa39d2
280000038,0x3F93dFd9a05027b26997ebCED1762FeE0E1058C0
280000039,0x47e255Bf1Ae9040151774D307c9E01D12Da71D57
280000040,0x591660bf3Ae48260bD21Aef41e7dfd795FE4406a
280000041,0x1D8FA0b16cA507642ac95205Cedea8a033334744
280000042,0x1D8FA0b16cA507642ac95205Cedea8a033334744
280000043,0x2d1875634B364A200a04cF4F9d2A6740Af0e1C2A
280000044,0xDF28cA0b2b4a48608c4f398D733fd595438C523c
280000045,0x1D8FA0b16cA507642ac95205Cedea8a033334744
280000046,0x591660bf3Ae48260bD21Aef41e7dfd795FE4406a
280000047,0x7c7216f16E81F2CF68269a2E3C24B4123b3DA2c2
280000048,0xfEa0aE8dBd492eC23Dbf06047273B76b43084C92
280000049,0xb18989f87630b57B45d8820558ed6583d62Cb9e7
280000050,0xDF28cA0b2b4a48608c4f398D733fd595438C523c
280000051,0x10752aE123f8F65ee7609B336C77bb941C584bBA
280000052,0x43fCC15e49Eff7374fA08A0f0f17d8AF81b48554
280000053,0x45c3faFf25afc69673034D20074Bf9830206F252
280000054,0xb683A2056526162C4771d363204aF41ea8c1eC52
280000055,0x08ba7FBc0aba77C3F8664Cc71baEe71ef602Df85
280000056,0xF192fef5C9F90db31826e57e57A404E5Be28f0e9
280000057,0xA3E49fEA82D17326636CeCE9C8C090edF013dccb
280000058,0x7E5507281F62C0f8d666beAEA212751cD88994b8
280000059,0x00812076E9460d60E7F9af956cBDA17Ac64eEAA2
280000060,0x4b8ee1eEf0bD930c2277a60c839834B142B373d2
280000061,0x5151f4b48CeE4f7dcB7714E7b4b836aa847Bf4e8
280000062,0xF5ecB4bEFEeEDA2203f0c3A84A37255b7f1F50a1
280000063,0x4C33294c13C5e783dd1d28c9844950B33d4DE9a0
280000064,0x6c853Ce4468c157031bA9a3394867B57d081E3e1
280000065,0x8D435D7b2d9bfB30A9447bC8DB21924D5A62cfe2
280000066,0x6853a596D6d7264D3622546dA3B891B6fe17eb82
280000067,0xCc9B2b1f639F477371A5d784a389965041d7a33e
280000068,0xDF9396B3600583c3DC1E67D5C963F0c4E230680E
280000069,0x06d022f767B613104Dd94E05E51d2b140884385d
280000070,0x8C8A36f5B618c42fcdfc1a74222Af201557DbEd4
280000071,0xe8E01E71D18f838B13e8f6FA250ee0E4BeD6b877
280000072,0x8CDC108Adb63242aE1F506d2c5217a977C6D32ed
280000073,0x48aa71836bc3ec2BA97c61D7ef744B4240E0ed8a
280000074,0x7243d1EFeaFD4d4Fc1Ba88162cf02237cae0B7EA
280000075,0x6853a596D6d7264D3622546dA3B891B6fe17eb82
280000076,0xef8d44E54d8bE26A55a2B13e1E055019182B3824
280000077,0x591660bf3Ae48260bD21Aef41e7dfd795FE4406a
280000078,0xcAb81F14A3Fc98034a05bAb30f8D0E53e978c833
280000079,0xCe4a577042174689a4f2Fd8aa2638647DD23c3ED
280000080,0x2d1b85499a1c609c53cBE6E53D4F10C4c0c872Cd
280000081,0x10752aE123f8F65ee7609B336C77bb941C584bBA
280000082,0xB99a6171dF6ecD6b90ABEf6af6452fef0FFeF9C9
280000083,0xc9F5654E2F1bD05255e2fA048dE7d10aCDb8c382
280000084,0x97bB1eFC534fF3dC0DDF5fb83743605d5FAEcB27
280000085,0x18cf07d50bfbCE02fbCfE17782FB1c0702696f07
280000086,0x6266dBB2d202D4E246ee86d76bB2FBB9a71eAFCD
280000087,0x48cdEFE7543EDA2F3882a63A9D1D6dF4752553b2
280000088,0x82806578886c2b0a8E44a9EB52718325af1335B1
280000089,0x8a32Af4AfFD816978C2Fdfa7C08c27681d05d4Fe
280000090,0x8a32Af4AfFD816978C2Fdfa7C08c27681d05d4Fe
280000091,0xDF9396B3600583c3DC1E67D5C963F0c4E230680E
280000092,0x2d1875634B364A200a04cF4F9d2A6740Af0e1C2A
280000093,0x40d500BE11e713A66f89b4cEBc6D8d11e3a0F2A7
280000094,0x8a32Af4AfFD816978C2Fdfa7C08c27681d05d4Fe
280000095,0x669D54E068c50567F9D234076086cC8FdFb8B072
280000096,0x51a639ab5bDb9278969a059205b5140Cf8183974
280000097,0xb7907DcD5b4044E0ea3E1b67390ACceEe85333a4
280000098,0x2d1875634B364A200a04cF4F9d2A6740Af0e1C2A
280000099,0x4b8ee1eEf0bD930c2277a60c839834B142B373d2
280000100,0x10752aE123f8F65ee7609B336C77bb941C584bBA
280000101,0x7853010aB93f48ce78137703f7F0D21Ace194d11
280000102,0x6266dBB2d202D4E246ee86d76bB2FBB9a71eAFCD
280000103,0xa8A33539960Ef4779CB0eCEDed8002c1EcD40582
280000104,0x752827Da98cA4a2d4d930a06e123af09ea07Bd29
280000105,0x40d500BE11e713A66f89b4cEBc6D8d11e3a0F2A7
280000106,0xEbc8D4154761D67A6968973e94E986Db86bb357e
280000107,0x05897E0D012D3d4335B9a6Bd2981927Ef70C27a5
280000108,0x0966C941bB44e1D4C3e64656a5C26EF6b7619d49
280000109,0x47144372eb383466D18FC91DB9Cd0396Aa6c87A4
280000110,0x33A0d6D8289045F5FdBAE8c068F9FE5Ee95a9bA9
280000111,0x5169f520Bfb1b67DDdFc7120a66BA68bb8D3Cb4D
280000112,0xb9bB1696EC0Fa130fC38b235385D87bFbB18908B
280000113,0x69da4ccC1e4c56949639558B21ab52Da336E5FbA
280000114,0x17Da7475Fe71a96Ea6780Ea76Bc2d03B2C97E6Bd
280000115,0x67b47f80f08bD1e8fa38d3fD428f6e1776d8D0Db
280000116,0xb6321C5E3D0A97B8d4218BC15Ec95bD8D1F7d639
280000117,0x8D435D7b2d9bfB30A9447bC8DB21924D5A62cfe2
280000118,0x5Ed592557b6A29908B7d50305cA01904a4529cF4
280000119,0xA02DE3133877d68F68F95826E319477523b0c2D5
280000120,0xF03025046459EF181296DFA04c6D57e01B73E650
280000121,0x7853010aB93f48ce78137703f7F0D21Ace194d11
280000122,0x4dd270eB3e0C6bD5900D4E88f254C55B99786510
280000123,0xAA71a16126A32a6a87cF0555C4f6C64785517Cda
280000124,0x428ca525839b7c015fFB985700C8a8B37ed79756
280000125,0xd3770A917176446d5C0a3BD12dB8E9327333c2E3
280000126,0xc3c71Eac263d8A54f8CDa2374AC860D3802fBD03
280000127,0x00812076E9460d60E7F9af956cBDA17Ac64eEAA2
280000128,0xd73c3ca624B33E780C08E12456B377519Ecb690A
280000129,0x6F7766f01c283dD3db5dcE4aE7679990caB6E47A
280000130,0x6F7766f01c283dD3db5dcE4aE7679990caB6E47A
280000131,0xbcF973d359D70e220d2D38Dc66C9dFE41A3bED77
280000132,0x4DC6750A016DB9A96FEf40D852E1faEE11733DB6
280000133,0xbcF973d359D70e220d2D38Dc66C9dFE41A3bED77
280000134,0xC3edCBe0F93a6258c3933e86fFaA3bcF12F8D695
280000135,0xc3BB0bd27550D54A9D9c4134a34D484387d8Dedb
280000136,0x264770dBd971da6a9F18F0BAD02c1CC9D67dBc5A
280000137,0xE468cE99444174Bd3bBBEd09209577d25D1ad673
280000138,0x9cE6d2A781565dFDfb1941db5f3fE61f3b5FD564
280000139,0x6853a596D6d7264D3622546dA3B891B6fe17eb82
280000140,0x9cE6d2A781565dFDfb1941db5f3fE61f3b5FD564
280000141,0x649b84336C431D3aBBB0c5A705E28A82891032b0
280000142,0x5Ed592557b6A29908B7d50305cA01904a4529cF4
280000143,0x7853010aB93f48ce78137703f7F0D21Ace194d11
280000144,0x528Bde57436b4B0bB23e084Cd284176cCD2024F4
280000145,0x5Ed592557b6A29908B7d50305cA01904a4529cF4
280000146,0x4C33294c13C5e783dd1d28c9844950B33d4DE9a0
280000147,0xfbFD507f49a08B9B5f0A71231F69A38864d4B9Ba
280000148,0xB9Bc49eDa268327baE036D0eA13d3D893712283c
280000149,0x89CDa51640943a267d39382b3da6f35B36630F17
280000150,0xb60211811a4977b5F4B65a1D2D27a2591D73d1Ac
280000151,0xAF42E51B8d38876d6b3aF4caE83AA513C35570c3
280000152,0x10D1808Bb5CBF4cd9261C758d7e1CF7b7cc2F22c
280000153,0xcaF6Fd54fB74C95B28F5e94952ca21B46E4071cc
280000154,0xA02DE3133877d68F68F95826E319477523b0c2D5
280000155,0x7853010aB93f48ce78137703f7F0D21Ace194d11
280000156,0xefCdB198EB3eE011a0cc6433244d75D65b5C40bf
280000157,0x588115a13C2192eCd555Dd7e56DaccE137Df41Bf
280000158,0x8c699B3956bBfBEC0B12B0BB918100bf2a266755
280000159,0x3Ae72034F05af89cc7249d05887a2C70d0C22b41
280000160,0x3612b2e93b49F6c797066cA8c38b7f522b32c7cb
280000161,0x591660bf3Ae48260bD21Aef41e7dfd795FE4406a
280000162,0xCe4a577042174689a4f2Fd8aa2638647DD23c3ED
280000163,0x3612b2e93b49F6c797066cA8c38b7f522b32c7cb
280000164,0xc4F733b593bCFCDD82E354Dee56AD196C470dc4A
280000165,0xAd47f9deA0c846B9B73E8f1198447e3FE556628e
280000166,0xAd47f9deA0c846B9B73E8f1198447e3FE556628e
280000167,0xAd47f9deA0c846B9B73E8f1198447e3FE556628e
280000168,0xBB7D198C65E2E632E001098e47A2FC94685CA2a4
280000169,0xAd47f9deA0c846B9B73E8f1198447e3FE556628e
280000170,0xAd47f9deA0c846B9B73E8f1198447e3FE556628e
280000171,0x4D982788c01402C4E0f657E1192d7736084AE5a8
280000172,0x92572aae1c9C4BA92011a6A56579c79dBb272Cd8
280000173,0x5Ed592557b6A29908B7d50305cA01904a4529cF4
280000174,0xAd47f9deA0c846B9B73E8f1198447e3FE556628e
280000175,0xAd47f9deA0c846B9B73E8f1198447e3FE556628e
280000176,0xA588423425DC05125f0Ee83ebb10D95fB869A5FD
280000177,0x10752aE123f8F65ee7609B336C77bb941C584bBA
280000178,0xAd47f9deA0c846B9B73E8f1198447e3FE556628e
280000179,0x94b9Fa136EF7c17CEa6cea456E2B0d023e69EBe0
280000180,0x353224270c2C9a7eCcE7d8dBA98a61587da6F50a
280000181,0xFd901342ebdA7eD63E59C494C4681fa3751E6b58
280000182,0xCe4a577042174689a4f2Fd8aa2638647DD23c3ED
280000183,0xae0BB95847639a95cFe8233021ad291a5f7e8d9B
280000184,0xE638cb3fA853622B2824CbDab3C27b06E8049651
280000185,0x428ca525839b7c015fFB985700C8a8B37ed79756
280000186,0x6bE75A10D92d0924555fe5eE94e5ae1C150fd84e
280000187,0x6d1db4A7e83dae0eEe7E95d421722d46D2A7e94B
280000188,0x591660bf3Ae48260bD21Aef41e7dfd795FE4406a
280000189,0xffaB3e7bc366F71790AcF447DE4aF814Ed6e56b9
280000190,0xC629f71d8A81D9780137Ec9Ad04709CE6D5995DB
280000191,0xFBC78f494aD61d90F02A3258e527De1321095AcB
280000192,0x628f19BA9c79790E6Bb7238Bdfb0b512eD2fFE24
280000193,0xC896866E927e6F8a416Ba209976115E79fA0a66F
280000194,0x7853010aB93f48ce78137703f7F0D21Ace194d11
280000195,0xb04eCFf07Fdbe707e273A989dF5c877FFfa62253
280000196,0x4Ec89BA6558eF10b3435246de77Aa3bF8F2bA745
280000197,0x6e90F689C0fC9A8Fc1a99832f77394Fb1F1b9f7e
280000198,0x4Ec89BA6558eF10b3435246de77Aa3bF8F2bA745
280000199,0x5a5c88f32D969A885fC211302d442F3E469F5722
280000200,0xC7cb454CEFD11A346C5307D4865b5bB687aaad46
280000201,0x3833A533F811a20B30B9694e8045ea575C0aE1F6
280000202,0x26EE6a01783fFdB9b90022Fc319987233b654fb5
280000203,0xb394F1aa30Ba874df3Ae6097bF4c2474b2d8F3AC
280000204,0xb394F1aa30Ba874df3Ae6097bF4c2474b2d8F3AC
280000205,0x51360d99966724B2603182cC367AB9621d96EEd2
280000206,0x603428dE2F58aF4a0aB4e53930cc9c073C2e7d1f
280000207,0xa2B1692289b1891f6BeBfAC54a3FF1192B7e9E0c
280000208,0x591660bf3Ae48260bD21Aef41e7dfd795FE4406a
280000209,0xFB7c8a716d8C9577eA293a28Ff592BB967Ea84C2
280000210,0x4F1F761bc89ABF7B003568F2A5Ba97667103ff5f
280000211,0xC9C022FCFebE730710aE93CA9247c5Ec9d9236d0
280000212,0x9Bab9Ce690E501cAB569C06415c613C0D5774b74
280000213,0x2d1875634B364A200a04cF4F9d2A6740Af0e1C2A
280000214,0x5Ed592557b6A29908B7d50305cA01904a4529cF4
280000215,0x5Ed592557b6A29908B7d50305cA01904a4529cF4
280000216,0x9818b5935d94267e153E0C3efd1f822c20479218
280000217,0x5Ed592557b6A29908B7d50305cA01904a4529cF4
280000218,0x5Ed592557b6A29908B7d50305cA01904a4529cF4
280000219,0x15ECA7bf2ec05e5B1b80C9b634B850276530F82f
280000220,0x9818b5935d94267e153E0C3efd1f822c20479218
280000221,0xb394F1aa30Ba874df3Ae6097bF4c2474b2d8F3AC
280000222,0xDf231A4559C5DfaC89cCf796D203BD470EE8549a
280000223,0x49ffE4429610eFa450b0654EA9a20E0EB4960920
280000224,0x8C9A4427e991c6485e559E3c4F79a88128d8be3E
280000225,0x000000005E2f9f4A3056c1540b5235475bd17871
280000226,0x5520082cAfe40F2De90DBDAf29a2ECC606B8f9AF
280000227,0x4Ec89BA6558eF10b3435246de77Aa3bF8F2bA745
280000228,0xFFFFFF46eeb8b840E2254d1Fa9b1de6A17ce88FF
280000229,0x3612b2e93b49F6c797066cA8c38b7f522b32c7cb
280000230,0x3612b2e93b49F6c797066cA8c38b7f522b32c7cb
280000231,0x9891529a510389712E215566ABf9F10fa0786014
280000232,0xC480C3FD10d8965EB74B9B53ee65Bea24B2a6A73
280000233,0x08ba7FBc0aba77C3F8664Cc71baEe71ef602Df85
280000234,0x201BE631a06CC2922532acc00Fe39Da0f87c8985
280000235,0xb01dC73aCc433d2633bA3bf45523680468F759E7
280000236,0x5Ed592557b6A29908B7d50305cA01904a4529cF4
280000237,0x770aEE1097646e7a004feDB521D55D632A768800
280000238,0xA3E49fEA82D17326636CeCE9C8C090edF013dccb
280000239,0x3266B9739E0b12DC6ECdF8Ef06ce1f1530330A36
280000240,0x9441295f5a5F77c090AE106f6724510F07fC4bCA
280000241,0xCBBea7Ec33D60Db283AB79bdAC9ffbfa46A83134
280000242,0x04a382A717F169512b3b15690cb7Eff7dc75d588
280000243,0xf7179758F14380C39F444B3dC688773DA6c7a8f7
280000244,0xB421500753B64a6E001a6625FD69622Fcd9011eA
280000245,0x1d4B9b250B1Bd41DAA35d94BF9204Ec1b0494eE3
280000246,0x661CcF85da18730881F5e3cc4ffebFFc1C2418f6
280000247,0xA3E49fEA82D17326636CeCE9C8C090edF013dccb
280000248,0x171446B041C6683e5F138b8a3f263BBFfb8Ee74a
280000249,0x28b39cc34568514a067D9a691668e30356748471
280000250,0x34e48fa4A18c95E3A6846576449C61DE81DE1125
280000251,0x7853010aB93f48ce78137703f7F0D21Ace194d11
280000252,0x34e48fa4A18c95E3A6846576449C61DE81DE1125
280000253,0x0974FF7E79d93C462421f23520c0e6BA300DcB97
280000254,0x106cbcfD8bC05b056EF0C6ab6a60262e29637Fca
280000255,0x106cbcfD8bC05b056EF0C6ab6a60262e29637Fca
280000256,0x10Aaa88592a26130c8A5daF9e955642AC42e35c5
280000257,0x151F2E0701D4D45Dea6aB74cBeB1949B9653F3ef
280000258,0xb7907DcD5b4044E0ea3E1b67390ACceEe85333a4
280000259,0x113d754Ff2e6Ca9Fd6aB51932493E4F9DabdF596
280000260,0x4187134b79B007cff97E24FCB04c47115e7B63F1
280000261,0x7853010aB93f48ce78137703f7F0D21Ace194d11
280000262,0x0b0A78f20Ed0ABc30BDC9ed165Be43d6Eafa73dE
280000263,0x55A0730A844727BD694FD8f938a456158bE0F8A6
280000264,0x6266dBB2d202D4E246ee86d76bB2FBB9a71eAFCD
280000265,0x55A0730A844727BD694FD8f938a456158bE0F8A6
280000266,0x718CDaDb5D3c6a505B58018c98A6049449A14F63
280000267,0x151F2E0701D4D45Dea6aB74cBeB1949B9653F3ef
280000268,0xF9BaE66f579F5aaab61A6e87cBc346e7804329e5
280000269,0x028134db627930C9a355261c83b86e2b40152304
280000270,0x151F2E0701D4D45Dea6aB74cBeB1949B9653F3ef
280000271,0x99fc8AD516FBCC9bA3123D56e63A35d05AA9EFB8
280000272,0x5CB803c31e8f4F895a3AB19d8218646dC63e9Dc2
280000273,0xdcA6Bf626933F55eF62B9fd47d2E0C8D31ff9Ba1
280000274,0xbE7D4aF02d3e3451042675894Fb15cB2b07820b8
280000275,0xe7420F4B26A565186ccDf5C3D356C62b127C81EF
280000276,0xe7420F4B26A565186ccDf5C3D356C62b127C81EF
280000277,0xB5532cEB62AB83E4A0F1281f5cB9a019b16e1c12
280000278,0x0C95e85d2622D06880d76F203E4bf83b95Bd4B2F
280000279,0x106cbcfD8bC05b056EF0C6ab6a60262e29637Fca
280000280,0x588115a13C2192eCd555Dd7e56DaccE137Df41Bf
280000281,0xc9F5654E2F1bD05255e2fA048dE7d10aCDb8c382
280000282,0xBb3f8B8A91DEcBB8E8d172ffB71553E2858C9e1d
280000283,0x3247f0df2a20F6735E63321Fb49f3C1C23524a76
280000284,0xD073cC577d5ad7b8910f27D566Fda1dE176dEf25
280000285,0xd743B27D75A6DcDB34baFc6De0Acb8cecB3aC43F
280000286,0xd743B27D75A6DcDB34baFc6De0Acb8cecB3aC43F
280000287,0xC304Eef1023e0b6e644f8ED8f8c629fD0973c52d
280000288,0xA2feb99DbF3b355397532AeF85d6066b7eD029D0
280000289,0x616Fc752E4D9503B1B65b51F1113003Ab2256cE9
280000290,0x6266dBB2d202D4E246ee86d76bB2FBB9a71eAFCD
280000291,0xd3D225b239f055065F0B7D6f48D90f866c344fe8
280000292,0xD073cC577d5ad7b8910f27D566Fda1dE176dEf25
280000293,0xD073cC577d5ad7b8910f27D566Fda1dE176dEf25
280000294,0xEFCC4C68e1dDFaA4f0FA3a7479F0fB082f96A56b
280000295,0xFbE14F82Bc91Ef474d511400B62DC2bC13e86Dba
280000296,0xCDaC236352b338789150884E42CAa473F7101DeB
280000297,0xd743B27D75A6DcDB34baFc6De0Acb8cecB3aC43F
280000298,0xCd3F8ef0fe55713b7c5C102846c864536019Eb80
280000299,0x9885a84930E3C8c865A1D3dEBDC204F990BaB7C3
280000300,0x9885a84930E3C8c865A1D3dEBDC204F990BaB7C3
280000301,0x68c4Aa868424f57E8E8580555CF9C921e0870A0f
280000302,0x51198893E06055e9c4b4d72BaEEf31d8b2F26985
280000303,0x10Aaa88592a26130c8A5daF9e955642AC42e35c5
280000304,0xC9A693b5E1c8b3A46528be8E1ac912932bf2788c
280000305,0x5Ed94c46a3df9F4FD81a657d2ad4C18eC6218Cb8
280000306,0xB045154d6A53E7f089D3965fdA7b44A9AC3DE231
280000307,0x98727b47E99707874C41c217De7a2E512B9517Df
280000308,0x29AC3223aF611f5524adF1AE6ec4e0f082350deA
280000309,0x92572aae1c9C4BA92011a6A56579c79dBb272Cd8
280000310,0x29AC3223aF611f5524adF1AE6ec4e0f082350deA
280000311,0xCe80958c726D727f71Fad6011B62112624eC415a
280000312,0x39ea86261C9FB4B75b1Cb193FB3Ee78D099A33f3
280000313,0x39ea86261C9FB4B75b1Cb193FB3Ee78D099A33f3
280000314,0xe1b0b385c5e855F131D300c9B8F33B2E96691d3D
280000315,0x3CAd8A3589694251678780A9e8f3ba3D16c6Dd54
280000316,0xA3E49fEA82D17326636CeCE9C8C090edF013dccb
280000317,0xe1b0b385c5e855F131D300c9B8F33B2E96691d3D
280000318,0x5Ed592557b6A29908B7d50305cA01904a4529cF4
280000319,0xe1b0b385c5e855F131D300c9B8F33B2E96691d3D
280000320,0x4Ec89BA6558eF10b3435246de77Aa3bF8F2bA745
280000321,0x931A02cBE8817a7d29c398e13418eFCf09F6AC23
280000322,0x5a46449117d7a6461aD9B39D66f85ed770610e5B
280000323,0x4Ec89BA6558eF10b3435246de77Aa3bF8F2bA745
280000324,0x40b767D119dbC81547cC13C6c55B6eD40A6506F1
280000325,0x5Ed592557b6A29908B7d50305cA01904a4529cF4
280000326,0x0090720FeD7Fed66eD658118b7B3BB0189D3A495
280000327,0x916986dEEA4A3f031f82b0412F17dBCFF9Fa39d2
280000328,0x916986dEEA4A3f031f82b0412F17dBCFF9Fa39d2
280000329,0x61B50a74376a9cD1DABF20bc922017441F9f8267
280000330,0x5a46449117d7a6461aD9B39D66f85ed770610e5B
280000331,0x9d88921e91718302B6307458a6D0A22b01620E74
280000332,0x9885a84930E3C8c865A1D3dEBDC204F990BaB7C3
280000333,0xA3E49fEA82D17326636CeCE9C8C090edF013dccb
280000334,0xA3E49fEA82D17326636CeCE9C8C090edF013dccb
280000335,0x467deD9D61A6356488FB3571D7966A894040FDb1
280000336,0x7853010aB93f48ce78137703f7F0D21Ace194d11
280000337,0x4184740fd5ff75b1d66aaDDd5b9b5772296F8f46
280000338,0xfDF4EA91429213E4A221ab6E9725650786727036
280000339,0xeF3c9CE5181a7e0466a0548D4f11e9451Bc8Dcf6
280000340,0x6637395681603FeE320296Aa25B12A682Cc72aCE
280000341,0x6637395681603FeE320296Aa25B12A682Cc72aCE
280000342,0x65861c79fA4249ACc971C229eB52f80A3eDEDedc
280000343,0x6637395681603FeE320296Aa25B12A682Cc72aCE
280000344,0x40b767D119dbC81547cC13C6c55B6eD40A6506F1
280000345,0x6637395681603FeE320296Aa25B12A682Cc72aCE
280000346,0x4184740fd5ff75b1d66aaDDd5b9b5772296F8f46
280000347,0x6637395681603FeE320296Aa25B12A682Cc72aCE
280000348,0x04a382A717F169512b3b15690cb7Eff7dc75d588
280000349,0x5Ed592557b6A29908B7d50305cA01904a4529cF4
280000350,0x7853010aB93f48ce78137703f7F0D21Ace194d11
280000351,0x625D6405DCac9C82F4b681A131d9182115448F75
280000352,0xACc5603061e2713785176A58Dd6464D34b4278b0
280000353,0xA3E49fEA82D17326636CeCE9C8C090edF013dccb
280000354,0xbc3ed6B537f2980e66f396Fe14210A56ba3f72C4
280000355,0xbc3ed6B537f2980e66f396Fe14210A56ba3f72C4
280000356,0x40D336b5e8fa5aceF13761c22de4a17B11D7121F
280000357,0x4be96B6177A27946aAF1C4B203674C9079C2fD61
280000358,0x40D336b5e8fa5aceF13761c22de4a17B11D7121F
280000359,0xbc3ed6B537f2980e66f396Fe14210A56ba3f72C4
280000360,0x4184740fd5ff75b1d66aaDDd5b9b5772296F8f46
280000361,0x40D336b5e8fa5aceF13761c22de4a17B11D7121F
280000362,0x5877Af7FC64E26c695806E2Fd7e083c8511e61f1
280000363,0x40D336b5e8fa5aceF13761c22de4a17B11D7121F
280000364,0x08ba7FBc0aba77C3F8664Cc71baEe71ef602Df85
280000365,0xCF1cE1496f4367f700E440f4707ad6fEA8DF1E23
280000366,0x95dfa3527583D82FDD51fe80D7ad1874FdC6f53D
280000367,0xCDaC236352b338789150884E42CAa473F7101DeB
280000368,0x7853010aB93f48ce78137703f7F0D21Ace194d11
280000369,0x46c896Ad53cD35c6e558958AA324382c0e941d12
280000370,0x171446B041C6683e5F138b8a3f263BBFfb8Ee74a
280000371,0xc9F5654E2F1bD05255e2fA048dE7d10aCDb8c382
280000372,0xc025eD275fDcF8Ee422272887aE8E245bbF7b680
280000373,0xc025eD275fDcF8Ee422272887aE8E245bbF7b680
280000374,0xE2c77765Bf2C3B790B9524fc808A0b807A210138
280000375,0xe40a2A4C6dfC11f40F2bEe39a3785F2c33c1d33B
280000376,0x8d138c01765483cB79d787ce5933F609CbFDabcF
280000377,0x3f01A202425B720392e74B64f868aeC57C796568
280000378,0x7853010aB93f48ce78137703f7F0D21Ace194d11
280000379,0x5Ed592557b6A29908B7d50305cA01904a4529cF4
280000380,0xe40a2A4C6dfC11f40F2bEe39a3785F2c33c1d33B
280000381,0x6301Add4fb128de9778B8651a2a9278B86761423
280000382,0x7853010aB93f48ce78137703f7F0D21Ace194d11
280000383,0x4c85ece5Bbf191d3e1b76934c8372d4Ae3Bf6927
280000384,0xc9F5654E2F1bD05255e2fA048dE7d10aCDb8c382
280000385,0x4c85ece5Bbf191d3e1b76934c8372d4Ae3Bf6927
280000386,0x83afDd540e5A46945b6336c182c923684aB67cF5
280000387,0x2d1875634B364A200a04cF4F9d2A6740Af0e1C2A
280000388,0xBa246a7DF93Bf8c7009dBA1FEE636aC40c210f00
280000389,0x0f48669B1681D41357EAc232F516B77D0c10F0F1
280000390,0x2d1875634B364A200a04cF4F9d2A6740Af0e1C2A
280000391,0xd3119ac49ed87c594A521F9930be6d0C6B2cBC71
280000392,0x464E44c254588DBDE8FE92AA7223DeC92eD55a5b
280000393,0x6c853Ce4468c157031bA9a3394867B57d081E3e1
280000394,0x10Aaa88592a26130c8A5daF9e955642AC42e35c5
280000395,0x53029E2679df83dad3d7E34e138c252d31A858F9
280000396,0xC480C3FD10d8965EB74B9B53ee65Bea24B2a6A73
280000397,0x2d1875634B364A200a04cF4F9d2A6740Af0e1C2A
280000398,0xba0995C52474dFB7C48181F71454a63a2847982C
280000399,0x2d1875634B364A200a04cF4F9d2A6740Af0e1C2A
280000400,0x0c4249238ff75Ea4364f7A51bC898901333E3719
280000401,0x83afDd540e5A46945b6336c182c923684aB67cF5
280000402,0x2d1875634B364A200a04cF4F9d2A6740Af0e1C2A
280000403,0x3E458F99CACD31ac86c126EcF150C6694B9C3Ede
371000000,0xDF9396B3600583c3DC1E67D5C963F0c4E230680E
371000001,0x966De2e7cAE6544f8e28f3Ed2368699f8Af4261f
371000002,0x6746FdE6276A87c00a473518c0D1Af87dee66b3e
371000003,0xA07737951D1c32A86E3dfA8214430d7EC2682806
371000004,0x6266dBB2d202D4E246ee86d76bB2FBB9a71eAFCD
371000005,0xf480935955D38A332CF40c65adD722D46b922462
371000006,0xBb6B62E63aB3fBd3E78A4c9Cf61488482623e9A4
371000007,0x062E0B7846094C24848F9fa3dcD892515e9cA13F
371000008,0xCBBea7Ec33D60Db283AB79bdAC9ffbfa46A83134
371000009,0xA3E49fEA82D17326636CeCE9C8C090edF013dccb
371000010,0xc0bCBC0a91Cd42e4808FaF190E0ad6e9a6C027cc
371000011,0xf56a4CDD83a7e179FBB307B545BaF03422E0Ad30
371000012,0x6B21fdDFCA1Ce1985490cf630F9E5fAc465Ab55C
371000013,0x6266dBB2d202D4E246ee86d76bB2FBB9a71eAFCD
371000014,0xF03025046459EF181296DFA04c6D57e01B73E650
371000015,0xf7179758F14380C39F444B3dC688773DA6c7a8f7
371000016,0x591660bf3Ae48260bD21Aef41e7dfd795FE4406a
371000017,0xBb6B62E63aB3fBd3E78A4c9Cf61488482623e9A4
371000018,0x61B50a74376a9cD1DABF20bc922017441F9f8267
371000019,0xB5E1532B054226d92913b40da22a01B7900EC96e
371000020,0x588115a13C2192eCd555Dd7e56DaccE137Df41Bf
371000021,0xFFb6D97Bd1E7B7bd08595096d15037401A1f416B
371000022,0xEB3648865b1471996e5F65Ae845F9Eb9226B9a02
371000023,0x79a2b7a14F5b1a661A98694974f630c403a8Cf45
371000024,0xe1b0b385c5e855F131D300c9B8F33B2E96691d3D
371000025,0x588115a13C2192eCd555Dd7e56DaccE137Df41Bf
371000026,0x6B21fdDFCA1Ce1985490cf630F9E5fAc465Ab55C
371000027,0x869812c931FB25590C4EF8995105c43215f06601
371000028,0xfB843f8c4992EfDb6b42349C35f025ca55742D33
371000029,0xB5532cEB62AB83E4A0F1281f5cB9a019b16e1c12
371000030,0xB5E1532B054226d92913b40da22a01B7900EC96e
371000031,0x7853010aB93f48ce78137703f7F0D21Ace194d11
371000032,0x4322AA46ffEd67809862Da613725728e2fb8eAe3
371000033,0xaECf6412Cf1A51986185F5718FadD640bae5C7cB
371000034,0x6266dBB2d202D4E246ee86d76bB2FBB9a71eAFCD
371000035,0x42A75Fe5Ab5978ACf025C9BD913AF7f7A494B819
371000036,0x40A9799580cB57D5fBEC317f1B8C5C0e84D4B74D
371000037,0xB5E1532B054226d92913b40da22a01B7900EC96e
371000038,0x591660bf3Ae48260bD21Aef41e7dfd795FE4406a
371000039,0x55A0730A844727BD694FD8f938a456158bE0F8A6
371000040,0x591660bf3Ae48260bD21Aef41e7dfd795FE4406a
371000041,0x3612b2e93b49F6c797066cA8c38b7f522b32c7cb
371000042,0x0075078A6F6621ACB3F43D2915FC8e40E5a5c657
371000043,0x79a2b7a14F5b1a661A98694974f630c403a8Cf45
371000044,0x56cA0B9CFC2e88B5faDF1b37c77908265148Ef2B
371000045,0x591660bf3Ae48260bD21Aef41e7dfd795FE4406a
371000046,0xB5532cEB62AB83E4A0F1281f5cB9a019b16e1c12
371000047,0x7c0Db59D717A227a010AB3552639334ae7756Ff9
371000048,0x10752aE123f8F65ee7609B336C77bb941C584bBA
371000049,0x51787a2C56d710c68140bdAdeFD3A98BfF96FeB4
371000050,0xb6321C5E3D0A97B8d4218BC15Ec95bD8D1F7d639
371000051,0x1222c55609Df8B1697E235FD33EdeC065fFB4714
371000052,0xB5E1532B054226d92913b40da22a01B7900EC96e
371000053,0x3612b2e93b49F6c797066cA8c38b7f522b32c7cb
371000054,0x63B7D0006102E672e6936FCfe6197E4c782F51d4
371000055,0x99e2e69F98b164c399Cc12D8382a82135EeA6364
371000056,0x860993DCB240bD1e60F29F1887164F15FfB6a049
371000057,0x591660bf3Ae48260bD21Aef41e7dfd795FE4406a
371000058,0x588115a13C2192eCd555Dd7e56DaccE137Df41Bf
371000059,0x3612b2e93b49F6c797066cA8c38b7f522b32c7cb
371000060,0x418Cd73Af8131DC641c7A79147fF41741317f9a3
371000061,0xC4b5Bdc3b6d27a2E1c618498D3cBfd97358b2a3f
371000062,0x2BC5Ad697aE8d46F4738580643713fA2Bc5f58B6
371000063,0xB5E1532B054226d92913b40da22a01B7900EC96e
371000064,0x591660bf3Ae48260bD21Aef41e7dfd795FE4406a
371000065,0xa1bed03568624C7FFAb05Bd1aE68432D86E7C27f
371000066,0xa1168968174d3a4F2b6666051800115d86FdC235
371000067,0xb6321C5E3D0A97B8d4218BC15Ec95bD8D1F7d639
371000068,0x0F0fe0408fc7613c9d177d820DE3e4154ce6135B
371000069,0xCe4a577042174689a4f2Fd8aa2638647DD23c3ED
371000070,0xA4D3786210A59CC113eeDf5a30e1358Ed9BeFa2A
371000071,0x1CD2fde4bEA5e5428E95E58c48DCd6a994aBCF14
371000072,0xd28C29828FaDA742312F92A5C53188C3654666C9
371000073,0x82a62398fb918520e26dbC716EeafE0044c3E64b
371000074,0xCBBea7Ec33D60Db283AB79bdAC9ffbfa46A83134
371000075,0xCBBea7Ec33D60Db283AB79bdAC9ffbfa46A83134
371000076,0xACc5603061e2713785176A58Dd6464D34b4278b0
371000077,0xA740f596F48951Daa3072B44B301937Fd47ad816
371000078,0x591660bf3Ae48260bD21Aef41e7dfd795FE4406a
371000079,0xB5E1532B054226d92913b40da22a01B7900EC96e
371000080,0x4Dd5A4D1fcb6F8938aa8AD070aEFE1B19e8F9c0C
371000081,0x16287a517499a467A349b70764A4ecAE56D1d2c9
371000082,0xEd5957c426D46b979455CdE5178352660232C4de
371000083,0x486b93068f8C9F8fC41E46ad22e4170852618E15
371000084,0x911765e6cbf6F1dfc7C1BACC01be7e32612aa541
371000085,0xB5532cEB62AB83E4A0F1281f5cB9a019b16e1c12
371000086,0x79a2b7a14F5b1a661A98694974f630c403a8Cf45
371000087,0xA3E49fEA82D17326636CeCE9C8C090edF013dccb
371000088,0x47144372eb383466D18FC91DB9Cd0396Aa6c87A4
371000089,0x6266dBB2d202D4E246ee86d76bB2FBB9a71eAFCD
371000090,0x70f7383A9eb7DCEfF0A51c6F5fD913473a6449Da
371000091,0x05897E0D012D3d4335B9a6Bd2981927Ef70C27a5
371000092,0x0075078A6F6621ACB3F43D2915FC8e40E5a5c657
371000093,0x3A49309413793b32F6A308769220147feDbFfa5f
371000094,0xCBBea7Ec33D60Db283AB79bdAC9ffbfa46A83134
371000095,0x17b1cB1AD28E8e8b038139e95CF6223ee7E8b572
371000096,0x17b1cB1AD28E8e8b038139e95CF6223ee7E8b572
371000097,0x591660bf3Ae48260bD21Aef41e7dfd795FE4406a
371000098,0x0075078A6F6621ACB3F43D2915FC8e40E5a5c657
371000099,0x0075078A6F6621ACB3F43D2915FC8e40E5a5c657
371000100,0x0566295Faf52797D4A29e5B78bf28E287E4cA2DA
371000101,0x7853010aB93f48ce78137703f7F0D21Ace194d11
371000102,0x804bd6656CE8Ee1235ECf256C30b91c8d747c5Af
371000103,0xB5E1532B054226d92913b40da22a01B7900EC96e
371000104,0x588115a13C2192eCd555Dd7e56DaccE137Df41Bf
371000105,0xA740f596F48951Daa3072B44B301937Fd47ad816
371000106,0xAF9A1e6a9B79FC77EafA40396e8a15D4D92867Ca
371000107,0x79a2b7a14F5b1a661A98694974f630c403a8Cf45
371000108,0x7853010aB93f48ce78137703f7F0D21Ace194d11
371000109,0xCe4a577042174689a4f2Fd8aa2638647DD23c3ED
371000110,0x661CcF85da18730881F5e3cc4ffebFFc1C2418f6
371000111,0x4406EFfB4c0bBd1B92F30069b0b5F165134b7171
371000112,0x591660bf3Ae48260bD21Aef41e7dfd795FE4406a
371000113,0x182e8D4A3d946f8B51c91626B61Ef3d05276A839
371000114,0x418Cd73Af8131DC641c7A79147fF41741317f9a3
371000115,0x51787a2C56d710c68140bdAdeFD3A98BfF96FeB4
371000116,0x7c0Db59D717A227a010AB3552639334ae7756Ff9
371000117,0x6B21fdDFCA1Ce1985490cf630F9E5fAc465Ab55C
371000118,0xB5E1532B054226d92913b40da22a01B7900EC96e
371000119,0x6266dBB2d202D4E246ee86d76bB2FBB9a71eAFCD
371000120,0x80222ae86eA5F27435D3cc8616a9dfE19e01b95A
371000121,0x6B21fdDFCA1Ce1985490cf630F9E5fAc465Ab55C
371000122,0xb1BD224Fe3Bfb828b256E589F6693bcb9C1A06e0
371000123,0x6B21fdDFCA1Ce1985490cf630F9E5fAc465Ab55C
371000124,0x524CDbE6dBe687E836Ac98e54A63cA28CBe8DC69
371000125,0x1D8FA0b16cA507642ac95205Cedea8a033334744
371000126,0x5b3C2035F87ECd710D363A8C9C982f53259c6edD
371000127,0x7853010aB93f48ce78137703f7F0D21Ace194d11
371000128,0x4Ec89BA6558eF10b3435246de77Aa3bF8F2bA745
371000129,0x16287a517499a467A349b70764A4ecAE56D1d2c9
371000130,0x43fCC15e49Eff7374fA08A0f0f17d8AF81b48554
371000131,0x428ca525839b7c015fFB985700C8a8B37ed79756
371000132,0xA3E49fEA82D17326636CeCE9C8C090edF013dccb
371000133,0xB5E1532B054226d92913b40da22a01B7900EC96e
371000134,0x47865cBb78Ac8b25B2619EFE17B822a357945dDF
371000135,0x16BD65BEbf6c2a0fEF8c76E9EbE665afBb0ae7A8
371000136,0xFb7Ad45dF71dc18237FC30f2E4654E733D4503C3
371000137,0xe5DfEdCaAdF4Df48F2FCC56663b89eD0Ad73Da3E
371000138,0x4Bd47705824BF784c83Bb0D0Ac50da89172d16d5
371000139,0x3612b2e93b49F6c797066cA8c38b7f522b32c7cb
371000140,0xC21870afFBEf7Df68eC74c91389DAae6beEaC0EC
371000141,0x55A0730A844727BD694FD8f938a456158bE0F8A6
371000142,0x50F27CdB650879A41fb07038bF2B818845c20e17
371000143,0xC5C450F79B1F0f600b5bEE6D258CE679c4500fB4
371000144,0x56de704a2031590a1Ce2EE747cDfE0f2aF3d3312
371000145,0x22603939A7B086064A66B9dEE79eB7e73Ae1e110
371000146,0x4600A57F6C9eC39B02c49e7Fe01544ce6cebC69e
371000147,0x7853010aB93f48ce78137703f7F0D21Ace194d11
371000148,0xEE958E45F3464d712B8830Deb5875c8aC105F698
371000149,0x98727b47E99707874C41c217De7a2E512B9517Df
371000150,0xA4D3786210A59CC113eeDf5a30e1358Ed9BeFa2A
371000151,0xe1b0b385c5e855F131D300c9B8F33B2E96691d3D
371000152,0x28bD2fEe4d7F766c5d49875129185F91Cc041311
371000153,0x4322AA46ffEd67809862Da613725728e2fb8eAe3
371000154,0xCBBea7Ec33D60Db283AB79bdAC9ffbfa46A83134
371000155,0x800f458AB47551e58cE718220DD159cAb2E97Fd1
371000156,0xC4b5Bdc3b6d27a2E1c618498D3cBfd97358b2a3f
371000157,0x7c0Db59D717A227a010AB3552639334ae7756Ff9
371000158,0xCBBea7Ec33D60Db283AB79bdAC9ffbfa46A83134
371000159,0x8252Df1d8b29057d1Afe3062bf5a64D503152BC8
371000160,0x082C0455B8cBC17c90239eB88E39823258d45a2B
371000161,0x10752aE123f8F65ee7609B336C77bb941C584bBA
371000162,0x4b275F1734a8d82E93E0b63ce9eFBbB04930ed37
371000163,0x28eCeA27f868c880d189A1C3C60C1A9264dAcB39
371000164,0x7853010aB93f48ce78137703f7F0D21Ace194d11
371000165,0xfB843f8c4992EfDb6b42349C35f025ca55742D33
371000166,0xCBBea7Ec33D60Db283AB79bdAC9ffbfa46A83134
371000167,0xd407e5B3f487b4b74C4f3f5c8a10a801285146a2
371000168,0x85c5ee8362dE1249f9685D3184E72F4bb7Ca4e98
371000169,0xAF9A1e6a9B79FC77EafA40396e8a15D4D92867Ca
371000170,0xCe4a577042174689a4f2Fd8aa2638647DD23c3ED
371000171,0x591660bf3Ae48260bD21Aef41e7dfd795FE4406a
371000172,0x4322AA46ffEd67809862Da613725728e2fb8eAe3
371000173,0x113d754Ff2e6Ca9Fd6aB51932493E4F9DabdF596
371000174,0x4Ec89BA6558eF10b3435246de77Aa3bF8F2bA745
371000175,0x95FDE6CF0d305078B7EEaC44182A931c169DD947
371000176,0xAF9A1e6a9B79FC77EafA40396e8a15D4D92867Ca
371000177,0xCc9B2b1f639F477371A5d784a389965041d7a33e
371000178,0xF4a11C01e5E8244233c5A4e7ff4052781C333e36
371000179,0xACc5603061e2713785176A58Dd6464D34b4278b0
371000180,0xDF28cA0b2b4a48608c4f398D733fd595438C523c
371000181,0xAF9A1e6a9B79FC77EafA40396e8a15D4D92867Ca
371000182,0x0075078A6F6621ACB3F43D2915FC8e40E5a5c657
371000183,0x4Ec89BA6558eF10b3435246de77Aa3bF8F2bA745
371000184,0x591660bf3Ae48260bD21Aef41e7dfd795FE4406a
371000185,0x5C5920BA034271a165046b3D4bFa34BCdac73d47
371000186,0xB5532cEB62AB83E4A0F1281f5cB9a019b16e1c12
371000187,0xACc5603061e2713785176A58Dd6464D34b4278b0
371000188,0xB5E1532B054226d92913b40da22a01B7900EC96e
371000189,0x5C5920BA034271a165046b3D4bFa34BCdac73d47
371000190,0x4187134b79B007cff97E24FCB04c47115e7B63F1
371000191,0xB5E1532B054226d92913b40da22a01B7900EC96e
371000192,0x7c90155E5EE01E687fF6114cBdc58171EE93ECfe
371000193,0x26D7B4fe67f4601643304b5023b3CAF3A72E8504
371000194,0xB5532cEB62AB83E4A0F1281f5cB9a019b16e1c12
371000195,0xDF28cA0b2b4a48608c4f398D733fd595438C523c
371000196,0x10752aE123f8F65ee7609B336C77bb941C584bBA
371000197,0x7c0Db59D717A227a010AB3552639334ae7756Ff9
371000198,0xB5E1532B054226d92913b40da22a01B7900EC96e
371000199,0xCBBea7Ec33D60Db283AB79bdAC9ffbfa46A83134
371000200,0x591660bf3Ae48260bD21Aef41e7dfd795FE4406a
371000201,0x8DD129965c6c770a3B34d9Ff5034CD73Df5EFf8b
371000202,0x3Ef81dC5F1e838E8EccFA3A176d2518EAc3fEf00
371000203,0x109c46209d4d31Dd2e1E29D75Eca721BAdCD4564
371000204,0xA4D3786210A59CC113eeDf5a30e1358Ed9BeFa2A
371000205,0xB5E1532B054226d92913b40da22a01B7900EC96e
371000206,0x79a2b7a14F5b1a661A98694974f630c403a8Cf45
371000207,0x7c0Db59D717A227a010AB3552639334ae7756Ff9
371000208,0x591660bf3Ae48260bD21Aef41e7dfd795FE4406a
371000209,0xB5E1532B054226d92913b40da22a01B7900EC96e
371000210,0x05897E0D012D3d4335B9a6Bd2981927Ef70C27a5
371000211,0xf096685AAF9c001351C7a0885fF13ECb2A8384f0
371000212,0xcaF6Fd54fB74C95B28F5e94952ca21B46E4071cc
371000213,0xbF19Db39EC9e5e4017d48E7dB8631b33F5e16b64
371000214,0xb6321C5E3D0A97B8d4218BC15Ec95bD8D1F7d639
371000215,0x591660bf3Ae48260bD21Aef41e7dfd795FE4406a
371000216,0xEE958E45F3464d712B8830Deb5875c8aC105F698
371000217,0xFb7Ad45dF71dc18237FC30f2E4654E733D4503C3
371000218,0x9Bab9Ce690E501cAB569C06415c613C0D5774b74
371000219,0x7853010aB93f48ce78137703f7F0D21Ace194d11
371000220,0x14F6099B662dD481E7662D30567E130024e98742
371000221,0x4322AA46ffEd67809862Da613725728e2fb8eAe3
371000222,0xA3E49fEA82D17326636CeCE9C8C090edF013dccb
371000223,0x6B21fdDFCA1Ce1985490cf630F9E5fAc465Ab55C
371000224,0x68A7Ac13477AAD590982293FEEeb786A00276cF2
371000225,0x7853010aB93f48ce78137703f7F0D21Ace194d11
371000226,0xc3c71Eac263d8A54f8CDa2374AC860D3802fBD03
371000227,0x6bdac4F8dFdA978b26DF826Ae4eF57f6D3b4f6b7
371000228,0xCBBea7Ec33D60Db283AB79bdAC9ffbfa46A83134
371000229,0x5Ed592557b6A29908B7d50305cA01904a4529cF4
371000230,0x6c379f4159AfbdD17AE4bB41b28480461f7101CE
371000231,0x1D8FA0b16cA507642ac95205Cedea8a033334744
371000232,0xDc36237208adB46959e77a0052843Ce5446afAB4
371000233,0xba7CfbD459dfa75ddBB9901C661804D06fd4DBaC
371000234,0xB5E1532B054226d92913b40da22a01B7900EC96e
371000235,0xB5532cEB62AB83E4A0F1281f5cB9a019b16e1c12
371000236,0x1D8FA0b16cA507642ac95205Cedea8a033334744
371000237,0x591660bf3Ae48260bD21Aef41e7dfd795FE4406a
371000238,0x14F6099B662dD481E7662D30567E130024e98742
371000239,0x10752aE123f8F65ee7609B336C77bb941C584bBA
371000240,0x6B21fdDFCA1Ce1985490cf630F9E5fAc465Ab55C
371000241,0x7079Bfcd09aC050D3C8CA5d230336505bf5bEB8a
371000242,0x183AbE67478eB7E87c96CA28E2f63Dec53f22E3A
371000243,0xC21870afFBEf7Df68eC74c91389DAae6beEaC0EC
371000244,0x113d754Ff2e6Ca9Fd6aB51932493E4F9DabdF596
371000245,0x50F27CdB650879A41fb07038bF2B818845c20e17
371000246,0xCBBea7Ec33D60Db283AB79bdAC9ffbfa46A83134
371000247,0xC4b5Bdc3b6d27a2E1c618498D3cBfd97358b2a3f
371000248,0x524CDbE6dBe687E836Ac98e54A63cA28CBe8DC69
371000249,0x4322AA46ffEd67809862Da613725728e2fb8eAe3
371000250,0xFbE14F82Bc91Ef474d511400B62DC2bC13e86Dba
371000251,0xA588423425DC05125f0Ee83ebb10D95fB869A5FD
371000252,0x4322AA46ffEd67809862Da613725728e2fb8eAe3
371000253,0xC4b5Bdc3b6d27a2E1c618498D3cBfd97358b2a3f
371000254,0xCBBea7Ec33D60Db283AB79bdAC9ffbfa46A83134
371000255,0xBF793F554d854961d664be70F1E7cb22152BadAf
371000256,0x6853a596D6d7264D3622546dA3B891B6fe17eb82
371000257,0xaFE396d25936006841Cce5B6D95184aa8294F50d
371000258,0xb6321C5E3D0A97B8d4218BC15Ec95bD8D1F7d639
371000259,0xDF28cA0b2b4a48608c4f398D733fd595438C523c
371000260,0x7853010aB93f48ce78137703f7F0D21Ace194d11
371000261,0x591660bf3Ae48260bD21Aef41e7dfd795FE4406a
371000262,0x6266dBB2d202D4E246ee86d76bB2FBB9a71eAFCD
371000263,0xf480935955D38A332CF40c65adD722D46b922462
371000264,0x7c7216f16E81F2CF68269a2E3C24B4123b3DA2c2
371000265,0x591660bf3Ae48260bD21Aef41e7dfd795FE4406a
371000266,0xCBBea7Ec33D60Db283AB79bdAC9ffbfa46A83134
371000267,0x7853010aB93f48ce78137703f7F0D21Ace194d11
371000268,0xda3845B44736b57E05Ee80fC011A52a9c777423A
371000269,0x591660bf3Ae48260bD21Aef41e7dfd795FE4406a
371000270,0xB5532cEB62AB83E4A0F1281f5cB9a019b16e1c12
371000271,0x3FD272470965E7dDcE30c97feDE93e11839f3ac3
371000272,0x4Ec89BA6558eF10b3435246de77Aa3bF8F2bA745
371000273,0x5Ac2C8fFD26802Ee366Bf6A50D86737665689CAD
371000274,0x591660bf3Ae48260bD21Aef41e7dfd795FE4406a